{
	"partitions" : [
		{
			"name" : "Top",
			"pins" : [
				{
					"name" : "AB_addr[0]",
					"strict" : false
				},
				{
					"name" : "AB_addr[1]",
					"strict" : false
				},
				{
					"name" : "AB_addr[2]",
					"strict" : false
				},
				{
					"name" : "AB_addr[3]",
					"strict" : false
				},
				{
					"name" : "AB_addr[4]",
					"strict" : false
				},
				{
					"name" : "AB_addr[5]",
					"strict" : false
				},
				{
					"name" : "AB_addr[6]",
					"strict" : false
				},
				{
					"name" : "AB_addr[7]",
					"strict" : false
				},
				{
					"name" : "AB_addr[8]",
					"strict" : false
				},
				{
					"name" : "sad[0]",
					"strict" : false
				},
				{
					"name" : "sad[1]",
					"strict" : false
				},
				{
					"name" : "sad[2]",
					"strict" : false
				},
				{
					"name" : "sad[3]",
					"strict" : false
				},
				{
					"name" : "sad[4]",
					"strict" : false
				},
				{
					"name" : "sad[5]",
					"strict" : false
				},
				{
					"name" : "sad[6]",
					"strict" : false
				},
				{
					"name" : "sad[7]",
					"strict" : false
				},
				{
					"name" : "sad[8]",
					"strict" : false
				},
				{
					"name" : "sad[9]",
					"strict" : false
				},
				{
					"name" : "sad[10]",
					"strict" : false
				},
				{
					"name" : "sad[11]",
					"strict" : false
				},
				{
					"name" : "sad[12]",
					"strict" : false
				},
				{
					"name" : "sad[13]",
					"strict" : false
				},
				{
					"name" : "sad[14]",
					"strict" : false
				},
				{
					"name" : "sad[15]",
					"strict" : false
				},
				{
					"name" : "sad[16]",
					"strict" : false
				},
				{
					"name" : "sad[17]",
					"strict" : false
				},
				{
					"name" : "sad[18]",
					"strict" : false
				},
				{
					"name" : "sad[19]",
					"strict" : false
				},
				{
					"name" : "sad[20]",
					"strict" : false
				},
				{
					"name" : "sad[21]",
					"strict" : false
				},
				{
					"name" : "sad[22]",
					"strict" : false
				},
				{
					"name" : "sad[23]",
					"strict" : false
				},
				{
					"name" : "sad[24]",
					"strict" : false
				},
				{
					"name" : "sad[25]",
					"strict" : false
				},
				{
					"name" : "sad[26]",
					"strict" : false
				},
				{
					"name" : "sad[27]",
					"strict" : false
				},
				{
					"name" : "sad[28]",
					"strict" : false
				},
				{
					"name" : "sad[29]",
					"strict" : false
				},
				{
					"name" : "sad[30]",
					"strict" : false
				},
				{
					"name" : "sad[31]",
					"strict" : false
				},
				{
					"name" : "AB_rd",
					"strict" : false
				},
				{
					"name" : "clk",
					"strict" : false
				},
				{
					"name" : "rst",
					"strict" : false
				},
				{
					"name" : "go",
					"strict" : false
				},
				{
					"name" : "B_data[0]",
					"strict" : false
				},
				{
					"name" : "A_data[0]",
					"strict" : false
				}
			]
		}
	]
}